Cycle start time,Cycle end time,Cycle timezone,Workout start time,Workout end time,Duration (min),Activity name,Activity Strain,Energy burned (cal),Max HR (bpm),Average HR (bpm),HR Zone 1 %,HR Zone 2 %,HR Zone 3 %,HR Zone 4 %,HR Zone 5 %,GPS enabled
2026-05-31 02:29:34,,UTC-05:00,2026-05-31 14:15:00,2026-05-31 14:39:59,24,Walking,6.3,116.0,152,123,73,17,2,0,0,false
2026-05-30 01:55:49,2026-05-31 02:29:34,UTC-05:00,2026-05-30 16:42:00,2026-05-30 17:28:59,46,Walking,10.6,284.0,162,132,30,43,20,0,0,false
2026-05-30 01:55:49,2026-05-31 02:29:34,UTC-05:00,2026-05-30 15:47:00,2026-05-30 16:18:59,31,Walking,7.6,164.0,155,126,56,33,6,0,0,false
2026-05-29 02:31:43,2026-05-30 01:55:49,UTC-05:00,2026-05-29 19:11:00,2026-05-29 20:40:59,89,Walking,6.6,176.0,153,105,38,0,0,0,0,false
2026-05-29 02:31:43,2026-05-30 01:55:49,UTC-05:00,2026-05-29 14:30:00,2026-05-29 15:13:59,43,Walking,6.1,120.0,161,107,44,7,1,0,0,false
2026-05-29 02:31:43,2026-05-30 01:55:49,UTC-05:00,2026-05-29 13:26:00,2026-05-29 13:58:59,32,Walking,5.8,100.0,153,111,48,11,0,0,0,false
2026-05-29 02:31:43,2026-05-30 01:55:49,UTC-05:00,2026-05-29 09:13:00,2026-05-29 09:31:59,18,Activity,6.0,96.0,155,126,72,21,4,0,0,false
2026-05-28 00:40:00,2026-05-29 02:31:43,UTC-05:00,2026-05-28 20:50:00,2026-05-28 21:01:59,11,Walking,4.5,31.0,135,109,59,0,0,0,0,false
2026-05-28 00:40:00,2026-05-29 02:31:43,UTC-05:00,2026-05-28 17:06:00,2026-05-28 17:47:59,41,Walking,7.4,182.0,154,121,76,14,1,0,0,false
2026-05-28 00:40:00,2026-05-29 02:31:43,UTC-05:00,2026-05-28 16:18:00,2026-05-28 16:44:59,26,Activity,6.2,109.0,155,119,64,20,1,0,0,false
2026-05-27 00:42:00,2026-05-28 00:40:00,UTC-05:00,2026-05-27 19:05:00,2026-05-27 19:42:59,37,Walking,6.8,137.0,165,115,46,15,4,1,0,false
2026-05-27 00:42:00,2026-05-28 00:40:00,UTC-05:00,2026-05-27 18:01:00,2026-05-27 18:14:59,13,Walking,5.4,69.0,153,125,75,21,2,0,0,false
2026-05-27 00:42:00,2026-05-28 00:40:00,UTC-05:00,2026-05-27 14:11:00,2026-05-27 14:22:59,11,Yoga,5.7,72.0,159,132,42,50,8,0,0,false
2026-05-21 02:07:01,2026-05-22 01:00:00,UTC-05:00,2026-05-21 21:03:00,2026-05-21 21:28:29,25,Yoga,8.3,129.0,159,126,59,34,1,0,0,false
2026-05-19 23:49:05,2026-05-21 02:07:01,UTC-05:00,2026-05-20 17:54:00,2026-05-20 18:15:46,21,Activity,5.3,76.0,142,116,79,3,0,0,0,false
2026-05-19 23:49:05,2026-05-21 02:07:01,UTC-05:00,2026-05-20 16:52:30,2026-05-20 17:10:29,17,Walking,7.3,116.0,166,135,41,23,30,5,0,false
2026-05-19 01:43:49,2026-05-19 23:49:05,UTC-05:00,2026-05-19 14:42:00,2026-05-19 15:25:59,43,Bowling,5.0,76.0,147,102,29,1,0,0,0,false
2026-05-17 01:38:54,2026-05-17 22:30:40,UTC-05:00,2026-05-17 19:39:00,2026-05-17 19:50:59,11,Walking,5.5,69.0,152,131,55,42,3,0,0,false
2026-05-17 01:38:54,2026-05-17 22:30:40,UTC-05:00,2026-05-17 11:03:00,2026-05-17 11:37:29,34,Walking,7.6,168.0,172,125,58,23,8,1,0,false
2026-05-16 01:49:43,2026-05-17 01:38:54,UTC-05:00,2026-05-16 20:24:00,2026-05-16 20:44:41,20,Walking,5.6,90.0,142,122,94,5,0,0,0,false
2026-05-14 23:28:02,2026-05-16 01:49:43,UTC-05:00,2026-05-15 20:27:00,2026-05-15 20:50:44,23,Activity,8.1,142.0,185,132,38,23,20,4,4,false
2026-05-14 23:28:02,2026-05-16 01:49:43,UTC-05:00,2026-05-15 19:12:00,2026-05-15 19:35:59,23,Walking,6.4,116.0,155,125,61,25,4,0,0,false
2026-05-13 23:47:12,2026-05-14 23:28:02,UTC-05:00,2026-05-14 18:26:00,2026-05-14 19:26:00,60,Reformer Pilates,14.9,89.0,137,96,22,0,0,0,0,false
2026-05-13 00:32:34,2026-05-13 23:47:12,UTC-05:00,2026-05-13 10:03:00,2026-05-13 10:17:59,14,Walking,4.8,47.0,154,114,69,5,2,0,0,false
2026-05-11 00:03:45,2026-05-12 00:28:16,UTC-05:00,2026-05-11 12:01:30,2026-05-11 12:14:59,13,Walking,4.8,48.0,155,117,65,10,1,0,0,false
2026-05-09 23:13:53,2026-05-11 00:03:45,UTC-05:00,2026-05-10 09:50:41,2026-05-10 10:09:19,18,Yoga,4.8,36.0,153,100,28,5,0,0,0,false
2026-05-08 23:55:27,2026-05-09 23:13:53,UTC-05:00,2026-05-09 20:13:30,2026-05-09 20:26:59,13,Walking,5.2,65.0,144,125,84,16,0,0,0,false
2026-05-08 23:55:27,2026-05-09 23:13:53,UTC-05:00,2026-05-09 17:30:47,2026-05-09 17:40:36,9,Walking,5.8,63.0,171,136,45,18,26,11,0,false
2026-05-08 23:55:27,2026-05-09 23:13:53,UTC-05:00,2026-05-09 08:02:17,2026-05-09 08:53:21,51,Reformer Pilates,14.1,87.0,153,101,28,1,0,0,0,false
2026-05-06 00:25:30,2026-05-07 01:25:36,UTC-05:00,2026-05-06 19:57:00,2026-05-06 20:17:52,20,Walking,5.7,84.0,172,121,65,12,8,2,0,false
2026-05-05 00:19:40,2026-05-06 00:25:30,UTC-05:00,2026-05-05 18:26:26,2026-05-05 19:24:17,57,Reformer Pilates,14.6,64.0,134,88,8,0,0,0,0,false
2026-05-02 01:17:37,2026-05-03 01:55:00,UTC-05:00,2026-05-02 18:12:00,2026-05-02 19:08:59,56,Dance,8.6,252.0,158,123,71,19,1,0,0,false
2026-05-02 01:17:37,2026-05-03 01:55:00,UTC-05:00,2026-05-02 13:51:00,2026-05-02 14:10:29,19,Walking,8.0,132.0,173,138,38,24,26,10,0,false
2026-05-01 02:09:01,2026-05-02 01:17:37,UTC-05:00,2026-05-01 19:13:30,2026-05-01 19:25:29,11,Yoga,5.4,65.0,154,130,58,39,1,0,0,false
2026-05-01 02:09:01,2026-05-02 01:17:37,UTC-05:00,2026-05-01 13:54:00,2026-05-01 14:17:59,23,Walking,8.2,161.0,157,138,23,54,22,0,0,false
2026-05-01 02:09:01,2026-05-02 01:17:37,UTC-05:00,2026-05-01 11:12:00,2026-05-01 11:26:59,14,Walking,4.9,52.0,151,117,70,9,1,0,0,false
2026-04-29 22:51:10,2026-05-01 02:09:01,UTC-05:00,2026-04-30 19:39:00,2026-04-30 20:19:29,40,Activity,7.4,182.0,155,124,75,19,0,0,0,false
2026-04-29 22:51:10,2026-05-01 02:09:01,UTC-05:00,2026-04-30 16:49:30,2026-04-30 17:13:29,23,Activity,6.2,111.0,163,125,76,22,1,0,0,false
2026-04-29 22:51:10,2026-05-01 02:09:01,UTC-05:00,2026-04-30 07:46:30,2026-04-30 08:01:29,14,Activity,5.7,78.0,155,128,55,37,4,0,0,false
2026-04-28 00:48:43,2026-04-28 23:27:22,UTC-05:00,2026-04-28 18:30:00,2026-04-28 19:22:00,52,Reformer Pilates,14.2,92.0,153,98,24,4,0,0,0,false
2026-04-27 00:03:27,2026-04-28 00:48:43,UTC-05:00,2026-04-27 16:32:00,2026-04-27 17:30:00,58,Reformer Pilates,14.6,67.0,145,92,10,0,0,0,0,false
2026-04-26 02:03:57,2026-04-27 00:03:27,UTC-05:00,2026-04-26 19:55:30,2026-04-26 20:07:29,11,Walking,4.6,36.0,145,114,68,3,0,0,0,false
2026-04-26 02:03:57,2026-04-27 00:03:27,UTC-05:00,2026-04-26 14:57:00,2026-04-26 15:28:29,31,Activity,6.5,137.0,153,122,77,15,1,0,0,false
2026-04-26 02:03:57,2026-04-27 00:03:27,UTC-05:00,2026-04-26 14:25:30,2026-04-26 14:44:59,19,Walking,5.5,82.0,151,122,85,11,0,0,0,false
2026-04-26 02:03:57,2026-04-27 00:03:27,UTC-05:00,2026-04-26 11:27:00,2026-04-26 11:38:59,11,Activity,7.3,93.0,175,144,23,13,46,17,1,false
2026-04-24 00:12:52,2026-04-25 01:26:47,UTC-05:00,2026-04-24 20:12:00,2026-04-24 20:58:29,46,Activity,8.6,223.0,161,126,54,28,6,0,0,false
2026-04-24 00:12:52,2026-04-25 01:26:47,UTC-05:00,2026-04-24 15:00:00,2026-04-24 15:17:59,17,Activity,5.9,93.0,161,128,63,30,6,0,0,false
2026-04-19 01:56:00,2026-04-19 23:41:28,UTC-05:00,2026-04-19 09:04:00,2026-04-19 10:00:00,56,Reformer Pilates,14.5,83.0,168,98,29,2,0,0,0,false
2026-04-15 21:50:55,2026-04-17 00:02:00,UTC-05:00,2026-04-16 18:30:58,2026-04-16 19:25:48,54,Reformer Pilates,11.8,111.0,150,101,41,4,0,0,0,false
2026-04-15 00:45:05,2026-04-15 21:50:55,UTC-05:00,2026-04-15 16:07:30,2026-04-15 16:31:29,23,Walking,5.6,83.0,158,115,50,16,7,0,0,false
2026-04-14 00:46:15,2026-04-15 00:45:05,UTC-05:00,2026-04-14 07:40:30,2026-04-14 07:55:29,14,Activity,5.9,86.0,158,131,48,42,10,0,0,false
2026-04-13 00:12:24,2026-04-14 00:46:15,UTC-05:00,2026-04-13 16:30:00,2026-04-13 17:20:00,50,Reformer Pilates,10.9,75.0,130,94,29,0,0,0,0,false
2026-04-11 02:11:43,2026-04-12 02:53:03,UTC-05:00,2026-04-11 21:58:30,2026-04-11 22:32:59,34,Yoga,9.4,122.0,153,114,46,17,2,0,0,false
2026-04-11 02:11:43,2026-04-12 02:53:03,UTC-05:00,2026-04-11 21:07:30,2026-04-11 21:29:59,22,Yoga,6.4,76.0,144,111,65,10,0,0,0,false
2026-04-11 02:11:43,2026-04-12 02:53:03,UTC-05:00,2026-04-11 20:30:00,2026-04-11 20:50:59,20,Yoga,5.9,64.0,143,110,61,7,0,0,0,false
2026-04-09 23:33:41,2026-04-11 02:11:43,UTC-05:00,2026-04-10 18:40:30,2026-04-10 20:02:59,82,Activity,13.3,476.0,170,129,46,21,23,4,0,false
2026-04-09 23:33:41,2026-04-11 02:11:43,UTC-05:00,2026-04-10 15:51:00,2026-04-10 16:11:59,20,Activity,5.8,92.0,156,120,68,21,2,0,0,false
2026-04-08 22:47:49,2026-04-09 23:33:41,UTC-05:00,2026-04-09 22:09:00,2026-04-09 22:25:29,16,Yoga,5.7,81.0,145,123,81,14,0,0,0,false
2026-04-08 22:47:49,2026-04-09 23:33:41,UTC-05:00,2026-04-09 17:12:00,2026-04-09 17:29:59,17,Yoga,5.6,74.0,154,118,59,19,1,0,0,false
2026-04-08 22:47:49,2026-04-09 23:33:41,UTC-05:00,2026-04-09 16:42:00,2026-04-09 16:56:59,14,Activity,4.9,50.0,151,112,60,6,1,0,0,false
2026-04-08 01:47:01,2026-04-08 22:47:49,UTC-05:00,2026-04-08 11:30:00,2026-04-08 11:41:59,11,Activity,6.0,79.0,163,134,29,52,18,1,0,false
2026-04-08 01:47:01,2026-04-08 22:47:49,UTC-05:00,2026-04-08 10:31:30,2026-04-08 10:46:29,14,Yoga,5.5,69.0,157,121,59,19,6,0,0,false
2026-04-08 01:47:01,2026-04-08 22:47:49,UTC-05:00,2026-04-08 09:33:00,2026-04-08 09:44:59,11,Yoga,5.1,47.0,162,116,48,13,8,1,0,false
2026-04-06 22:18:13,2026-04-08 01:47:01,UTC-05:00,2026-04-07 17:45:15,2026-04-07 17:54:42,9,Yoga,4.8,42.0,145,120,75,12,0,0,0,false
2026-04-05 03:05:05,2026-04-06 00:02:07,UTC-05:00,2026-04-05 20:58:30,2026-04-05 21:11:59,13,Yoga,4.9,47.0,151,113,60,9,2,0,0,false
2026-04-04 01:11:48,2026-04-05 03:05:05,UTC-05:00,2026-04-04 20:18:00,2026-04-04 20:31:29,13,Walking,5.1,59.0,150,120,78,14,1,0,0,false
2026-04-04 01:11:48,2026-04-05 03:05:05,UTC-05:00,2026-04-04 09:40:45,2026-04-04 09:52:55,12,Yoga,5.1,45.0,154,115,28,16,10,0,0,false
2026-04-03 00:14:59,2026-04-04 01:11:48,UTC-05:00,2026-04-03 19:16:30,2026-04-03 19:35:59,19,Walking,5.2,73.0,134,115,86,0,0,0,0,false
2026-04-03 00:14:59,2026-04-04 01:11:48,UTC-05:00,2026-04-03 16:24:00,2026-04-03 16:44:59,20,Walking,5.6,86.0,149,118,73,12,0,0,0,false
2026-04-02 01:15:45,2026-04-03 00:14:59,UTC-05:00,2026-04-02 18:54:00,2026-04-02 19:18:29,24,Activity,5.4,86.0,142,114,83,1,0,0,0,false
2026-04-02 01:15:45,2026-04-03 00:14:59,UTC-05:00,2026-04-02 16:30:00,2026-04-02 16:43:29,13,Walking,4.6,41.0,145,110,64,2,0,0,0,false
2026-04-01 01:17:42,2026-04-02 01:15:45,UTC-05:00,2026-04-01 07:48:00,2026-04-01 08:02:59,14,Activity,6.2,93.0,157,132,51,45,4,0,0,false
2026-03-31 00:27:09,2026-04-01 01:17:42,UTC-05:00,2026-03-31 14:12:00,2026-03-31 14:29:59,17,Walking,5.3,71.0,146,117,70,15,0,0,0,false
2026-03-31 00:27:09,2026-04-01 01:17:42,UTC-05:00,2026-03-31 08:28:30,2026-03-31 08:40:29,11,Activity,5.5,66.0,165,128,65,23,7,3,0,false
2026-03-30 00:53:20,2026-03-31 00:27:09,UTC-05:00,2026-03-30 18:06:00,2026-03-30 18:29:59,23,Walking,6.4,115.0,155,123,64,25,3,0,0,false
2026-03-30 00:53:20,2026-03-31 00:27:09,UTC-05:00,2026-03-30 11:58:30,2026-03-30 12:17:59,19,Activity,5.4,70.0,153,114,52,12,5,0,0,false
2026-03-28 02:24:02,2026-03-28 23:59:17,UTC-05:00,2026-03-28 18:31:30,2026-03-28 18:43:29,11,Activity,4.9,51.0,174,121,92,8,0,0,0,false
2026-03-28 02:24:02,2026-03-28 23:59:17,UTC-05:00,2026-03-28 17:45:00,2026-03-28 18:13:29,28,Walking,9.5,190.0,175,137,37,22,30,9,0,false
2026-03-27 00:32:13,2026-03-28 02:24:02,UTC-05:00,2026-03-27 13:48:00,2026-03-27 14:04:29,16,Walking,5.4,67.0,172,120,58,16,8,0,0,false
2026-03-27 00:32:13,2026-03-28 02:24:02,UTC-05:00,2026-03-27 11:19:30,2026-03-27 11:55:29,35,Activity,6.7,142.0,150,119,72,10,1,0,0,false
2026-03-24 23:31:46,2026-03-26 00:02:39,UTC-05:00,2026-03-25 17:42:00,2026-03-25 17:53:59,11,Activity,5.4,66.0,155,129,55,41,4,0,0,false
2026-03-24 03:45:40,2026-03-24 23:31:46,UTC-05:00,2026-03-24 20:40:30,2026-03-24 20:59:59,19,Activity,5.4,70.0,162,112,39,22,4,0,0,false
2026-03-21 00:44:28,2026-03-22 03:14:59,UTC-05:00,2026-03-21 19:57:00,2026-03-21 20:20:59,23,Walking,4.9,58.0,147,107,53,5,0,0,0,false
2026-03-21 00:44:28,2026-03-22 03:14:59,UTC-05:00,2026-03-21 19:13:30,2026-03-21 19:31:29,17,Activity,5.3,70.0,148,118,77,11,0,0,0,false
2026-03-21 00:44:28,2026-03-22 03:14:59,UTC-05:00,2026-03-21 15:12:00,2026-03-21 15:55:22,43,Activity,8.3,205.0,161,123,46,34,5,0,0,false
2026-03-21 00:44:28,2026-03-22 03:14:59,UTC-05:00,2026-03-21 13:43:30,2026-03-21 14:01:29,17,Walking,4.9,57.0,143,113,78,4,0,0,0,false
2026-03-18 21:35:28,2026-03-19 23:11:47,UTC-05:00,2026-03-19 14:24:00,2026-03-19 14:44:59,20,Activity,8.2,153.0,167,141,10,56,34,0,0,false
2026-03-17 23:53:23,2026-03-18 21:35:28,UTC-05:00,2026-03-18 18:22:30,2026-03-18 18:49:29,26,Walking,7.5,151.0,169,130,49,34,14,1,0,false
2026-03-17 23:53:23,2026-03-18 21:35:28,UTC-05:00,2026-03-18 13:09:00,2026-03-18 13:32:59,23,Activity,6.1,107.0,156,122,76,19,2,0,0,false
2026-03-17 01:19:57,2026-03-17 23:53:23,UTC-05:00,2026-03-17 17:46:30,2026-03-17 17:59:59,13,Activity,5.1,58.0,158,121,74,15,4,0,0,false
2026-03-17 01:19:57,2026-03-17 23:53:23,UTC-05:00,2026-03-17 16:39:00,2026-03-17 16:50:59,11,Activity,6.2,79.0,166,136,41,35,18,6,0,false
2026-03-16 01:51:11,2026-03-17 01:19:57,UTC-05:00,2026-03-16 19:19:30,2026-03-16 19:44:59,25,Dance,7.6,144.0,163,130,53,28,16,2,0,false
2026-03-16 01:51:11,2026-03-17 01:19:57,UTC-05:00,2026-03-16 18:19:30,2026-03-16 18:34:29,14,Walking,6.2,93.0,155,133,30,61,9,0,0,false
2026-03-14 22:31:33,2026-03-16 01:51:11,UTC-05:00,2026-03-15 18:36:00,2026-03-15 18:50:59,14,Activity,7.4,107.0,168,140,21,31,38,10,0,false
2026-03-14 03:59:47,2026-03-14 22:31:33,UTC-05:00,2026-03-14 11:10:30,2026-03-14 11:23:59,13,Walking,4.7,43.0,141,113,75,3,0,0,0,false
2026-03-12 23:55:05,2026-03-14 03:59:47,UTC-05:00,2026-03-13 13:28:30,2026-03-13 13:40:29,11,Walking,5.3,64.0,151,127,81,18,1,0,0,false
2026-03-09 02:12:10,2026-03-10 00:10:25,UTC-05:00,2026-03-09 11:39:00,2026-03-09 11:55:29,16,Walking,5.5,75.0,154,121,65,21,5,0,0,false
2026-03-09 02:12:10,2026-03-10 00:10:25,UTC-05:00,2026-03-09 08:56:17,2026-03-09 09:11:13,14,Yoga,4.4,29.0,140,98,37,1,0,0,0,false
2026-03-08 03:20:13,2026-03-09 02:12:10,UTC-05:00,2026-03-08 13:33:00,2026-03-08 13:44:59,11,Walking,4.8,46.0,156,118,84,8,2,0,0,false
2026-03-06 22:30:00,2026-03-08 02:20:13,UTC-06:00,2026-03-07 09:42:23,2026-03-07 09:56:47,14,Yoga,4.3,23.0,128,101,25,0,0,0,0,false
2026-03-02 00:46:13,2026-03-03 00:05:02,UTC-06:00,2026-03-02 20:06:00,2026-03-02 20:22:29,16,Walking,4.7,46.0,146,110,47,9,0,0,0,false
2026-03-02 00:46:13,2026-03-03 00:05:02,UTC-06:00,2026-03-02 07:57:00,2026-03-02 08:10:29,13,Walking,6.1,85.0,158,134,38,52,9,0,0,false
2026-02-26 00:57:10,2026-02-27 00:05:22,UTC-06:00,2026-02-26 08:33:00,2026-02-26 08:44:59,11,Walking,5.0,53.0,152,122,75,21,0,0,0,false
2026-02-24 00:05:33,2026-02-25 00:52:09,UTC-06:00,2026-02-24 12:24:00,2026-02-24 12:47:59,23,Walking,5.4,81.0,146,115,69,7,0,0,0,false
2026-02-24 00:05:33,2026-02-25 00:52:09,UTC-06:00,2026-02-24 07:36:00,2026-02-24 07:52:29,16,Walking,6.8,111.0,156,137,24,63,13,0,0,false
2026-02-21 00:30:58,2026-02-22 01:44:04,UTC-06:00,2026-02-21 21:12:00,2026-02-21 21:31:29,19,Yoga,5.5,60.0,149,112,59,8,0,0,0,false
2026-02-18 23:32:03,2026-02-20 01:26:18,UTC-06:00,2026-02-19 07:27:00,2026-02-19 07:40:29,13,Walking,5.8,79.0,162,131,59,28,12,1,0,false
2026-02-15 23:53:53,2026-02-16 23:56:03,UTC-06:00,2026-02-16 16:10:30,2026-02-16 16:23:59,13,Walking,4.7,40.0,176,112,60,4,1,1,0,false
2026-02-15 23:53:53,2026-02-16 23:56:03,UTC-06:00,2026-02-16 07:19:30,2026-02-16 07:40:29,20,Walking,6.8,125.0,155,131,54,40,6,0,0,false
2026-02-15 23:53:53,2026-02-16 23:56:03,UTC-06:00,2026-02-16 06:21:00,2026-02-16 06:33:10,12,Yoga,4.6,34.0,150,110,45,6,0,0,0,false
2026-02-15 01:18:07,2026-02-15 23:53:53,UTC-06:00,2026-02-15 12:19:30,2026-02-15 12:58:29,38,Walking,10.9,242.0,176,133,38,15,22,14,0,false
2026-02-15 01:18:07,2026-02-15 23:53:53,UTC-06:00,2026-02-15 09:34:30,2026-02-15 09:59:54,25,Yoga,6.1,39.0,140,99,24,0,0,0,0,false
2026-02-13 01:15:00,2026-02-13 23:06:19,UTC-06:00,2026-02-13 18:01:30,2026-02-13 18:13:29,11,Activity,5.4,67.0,156,129,56,42,2,0,0,false
2026-02-11 01:10:30,2026-02-12 01:42:47,UTC-06:00,2026-02-11 18:07:30,2026-02-11 18:59:59,52,Dance,12.5,361.0,178,138,24,36,28,10,0,false
2026-02-09 00:16:09,2026-02-10 00:14:17,UTC-06:00,2026-02-09 17:36:00,2026-02-09 17:52:29,16,Walking,5.2,65.0,146,120,75,15,0,0,0,false
2026-02-09 00:16:09,2026-02-10 00:14:17,UTC-06:00,2026-02-09 17:03:00,2026-02-09 17:17:59,14,Activity,6.2,94.0,157,135,31,53,16,0,0,false
2026-02-08 01:19:55,2026-02-09 00:16:09,UTC-06:00,2026-02-08 20:45:00,2026-02-08 20:58:29,13,Walking,5.0,56.0,152,122,74,21,1,0,0,false
2026-02-08 01:19:55,2026-02-09 00:16:09,UTC-06:00,2026-02-08 17:03:00,2026-02-08 17:19:29,16,Activity,5.8,84.0,160,128,68,24,8,0,0,false
2026-02-08 01:19:55,2026-02-09 00:16:09,UTC-06:00,2026-02-08 14:00:00,2026-02-08 14:29:59,29,Walking,8.1,170.0,173,131,43,33,19,2,0,false
2026-02-06 22:30:15,2026-02-08 01:19:55,UTC-06:00,2026-02-07 19:46:30,2026-02-07 20:04:08,17,Walking,7.1,110.0,170,134,50,20,25,5,0,false
2026-02-06 22:30:15,2026-02-08 01:19:55,UTC-06:00,2026-02-07 18:27:00,2026-02-07 18:49:29,22,Walking,5.6,88.0,148,119,78,12,0,0,0,false
2026-02-06 22:30:15,2026-02-08 01:19:55,UTC-06:00,2026-02-07 16:10:30,2026-02-07 17:13:29,62,Dance,13.6,451.0,176,140,23,27,42,8,0,false
2026-02-06 22:30:15,2026-02-08 01:19:55,UTC-06:00,2026-02-07 11:33:00,2026-02-07 12:14:59,41,Walking,7.1,173.0,157,121,79,15,2,0,0,false
2026-02-06 22:30:15,2026-02-08 01:19:55,UTC-06:00,2026-02-07 09:15:00,2026-02-07 09:37:29,22,Walking,5.9,83.0,160,115,32,19,11,0,0,false
2026-02-06 00:26:45,2026-02-06 22:30:15,UTC-06:00,2026-02-06 19:16:30,2026-02-06 19:32:59,16,Walking,5.9,87.0,153,128,57,39,3,0,0,false
2026-02-04 23:45:41,2026-02-06 00:26:45,UTC-06:00,2026-02-05 18:04:30,2026-02-05 18:17:59,13,Dance,6.7,94.0,166,138,18,37,42,2,0,false
2026-02-04 23:45:41,2026-02-06 00:26:45,UTC-06:00,2026-02-05 16:52:30,2026-02-05 17:10:29,17,Activity,6.1,99.0,167,129,65,28,7,0,0,false
2026-02-04 01:09:34,2026-02-04 23:45:41,UTC-06:00,2026-02-04 18:10:30,2026-02-04 19:10:29,59,Dance,11.6,351.0,170,131,44,31,20,2,0,false
2026-02-03 00:47:07,2026-02-04 01:09:34,UTC-06:00,2026-02-03 16:36:00,2026-02-03 17:04:29,28,Walking,7.3,151.0,157,127,58,30,7,0,0,false
2026-02-02 00:02:21,2026-02-03 00:47:07,UTC-06:00,2026-02-02 14:13:30,2026-02-02 14:31:53,18,Walking,5.1,62.0,150,114,81,3,0,0,0,false
2026-02-01 01:33:30,2026-02-02 00:02:21,UTC-06:00,2026-02-01 15:36:00,2026-02-01 15:52:29,16,Dance,6.0,90.0,163,129,58,36,6,0,0,false
2026-02-01 01:33:30,2026-02-02 00:02:21,UTC-06:00,2026-02-01 12:57:00,2026-02-01 13:23:59,26,Dance,8.0,167.0,164,133,32,51,17,0,0,false
2026-01-28 22:05:43,2026-01-29 23:11:00,UTC-06:00,2026-01-29 18:04:30,2026-01-29 18:31:29,26,Walking,6.2,118.0,153,121,82,13,1,0,0,false
2026-01-28 00:34:36,2026-01-28 22:05:43,UTC-06:00,2026-01-28 18:09:00,2026-01-28 18:49:29,40,Dance,11.7,285.0,175,139,24,24,36,15,0,false
2026-01-26 22:36:28,2026-01-28 00:34:36,UTC-06:00,2026-01-27 16:12:00,2026-01-27 16:58:29,46,Dance,10.3,273.0,170,131,47,28,22,2,0,false
2026-01-26 00:31:15,2026-01-26 22:36:28,UTC-06:00,2026-01-26 21:03:00,2026-01-26 21:25:29,22,Activity,6.3,110.0,174,124,67,23,5,0,0,false
2026-01-26 00:31:15,2026-01-26 22:36:28,UTC-06:00,2026-01-26 20:37:00,2026-01-26 20:41:51,4,Stadium Steps,4.5,26.0,156,128,56,39,5,0,0,false
2026-01-26 00:31:15,2026-01-26 22:36:28,UTC-06:00,2026-01-26 18:06:00,2026-01-26 18:26:59,20,Yoga,5.5,51.0,149,100,36,8,0,0,0,false
2026-01-26 00:31:15,2026-01-26 22:36:28,UTC-06:00,2026-01-26 09:49:30,2026-01-26 10:05:59,16,Yoga,4.3,25.0,142,95,20,3,0,0,0,false
2026-01-25 01:13:25,2026-01-26 00:31:15,UTC-06:00,2026-01-25 17:51:00,2026-01-25 18:11:00,20,Dance,7.0,126.0,153,134,29,61,10,0,0,false
2026-01-25 01:13:25,2026-01-26 00:31:15,UTC-06:00,2026-01-25 16:42:00,2026-01-25 17:01:29,19,Walking,5.6,80.0,152,119,68,19,2,0,0,false
2026-01-22 22:54:12,2026-01-24 02:15:34,UTC-06:00,2026-01-23 18:03:00,2026-01-23 18:50:59,47,Walking,8.6,233.0,161,124,69,24,3,0,0,false
2026-01-21 00:39:45,2026-01-22 01:04:00,UTC-06:00,2026-01-21 18:03:00,2026-01-21 18:52:29,49,Dance,12.8,372.0,172,142,12,31,47,10,0,false
2026-01-19 01:03:41,2026-01-20 01:11:44,UTC-06:00,2026-01-19 22:32:20,2026-01-19 22:45:58,13,Walking,5.5,59.0,170,121,46,14,15,3,0,false
2026-01-14 00:31:57,2026-01-15 01:10:08,UTC-06:00,2026-01-14 18:04:30,2026-01-14 18:59:02,54,Dance,9.5,283.0,161,126,66,27,6,0,0,false
2026-01-12 01:13:45,2026-01-13 00:48:17,UTC-06:00,2026-01-12 18:30:00,2026-01-12 19:00:00,30,Dance,7.7,138.0,169,118,30,16,14,5,0,false
2026-01-10 00:06:27,2026-01-10 22:21:37,UTC-06:00,2026-01-10 15:04:30,2026-01-10 15:23:59,19,Activity,6.5,110.0,160,129,61,30,9,0,0,false
2026-01-06 22:20:36,2026-01-07 22:16:29,UTC-06:00,2026-01-07 18:06:00,2026-01-07 19:08:59,62,Dance,12.8,415.0,169,135,35,38,19,5,0,false
2026-01-04 02:01:15,2026-01-04 23:57:37,UTC-06:00,2026-01-04 18:10:30,2026-01-04 18:26:59,16,Walking,5.2,65.0,149,117,63,17,0,0,0,false
2026-01-04 02:01:15,2026-01-04 23:57:37,UTC-06:00,2026-01-04 16:55:30,2026-01-04 17:14:59,19,Walking,5.4,69.0,154,113,34,19,1,0,0,false
2026-01-04 02:01:15,2026-01-04 23:57:37,UTC-06:00,2026-01-04 09:47:00,2026-01-04 10:15:00,28,Yoga,6.7,41.0,138,93,17,0,0,0,0,false
2026-01-03 01:03:07,2026-01-04 02:01:15,UTC-06:00,2026-01-03 14:49:30,2026-01-03 15:49:29,59,Walking,8.9,250.0,161,120,63,13,5,0,0,false
2026-01-03 01:03:07,2026-01-04 02:01:15,UTC-06:00,2026-01-03 10:30:00,2026-01-03 10:53:00,23,Yoga,5.5,31.0,133,95,15,0,0,0,0,false
2026-01-02 01:35:42,2026-01-03 01:03:07,UTC-06:00,2026-01-02 07:56:00,2026-01-02 08:20:00,24,Yoga,6.1,48.0,138,100,42,0,0,0,0,false
2025-12-30 00:23:54,2025-12-30 23:40:47,UTC-06:00,2025-12-30 19:19:30,2025-12-30 19:35:59,16,Walking,6.7,104.0,161,134,25,53,19,0,0,false
2025-12-26 01:49:47,2025-12-27 02:52:31,UTC-06:00,2025-12-26 11:54:00,2025-12-26 12:17:59,23,Walking,5.6,80.0,161,117,60,10,5,0,0,false
2025-12-25 02:08:13,2025-12-26 01:49:47,UTC-06:00,2025-12-25 20:16:30,2025-12-25 20:34:29,17,Walking,5.6,84.0,149,126,76,22,1,0,0,false
2025-12-21 23:52:57,2025-12-23 00:23:29,UTC-08:00,2025-12-22 09:30:00,2025-12-22 09:47:59,17,Dance,6.3,97.0,157,130,41,36,16,0,0,false
2025-12-21 00:53:35,2025-12-21 23:52:57,UTC-08:00,2025-12-21 14:12:00,2025-12-21 15:04:29,52,Dance,12.5,344.0,182,138,39,25,19,12,4,false
2025-12-19 23:43:23,2025-12-21 00:53:35,UTC-08:00,2025-12-20 16:09:00,2025-12-20 16:47:59,38,Walking,6.0,113.0,154,114,52,12,1,0,0,false
2025-12-19 23:43:23,2025-12-21 00:53:35,UTC-08:00,2025-12-20 15:24:00,2025-12-20 15:43:29,19,Walking,6.7,112.0,167,133,48,34,16,2,0,false
2025-12-19 23:43:23,2025-12-21 00:53:35,UTC-08:00,2025-12-20 09:28:30,2025-12-20 10:10:29,41,Walking,8.4,211.0,167,128,59,27,9,0,0,false
2025-12-19 00:59:26,2025-12-20 00:43:23,UTC-07:00,2025-12-19 19:28:30,2025-12-19 19:52:29,23,Walking,7.4,140.0,159,133,33,45,21,0,0,false
2025-12-19 00:59:26,2025-12-20 00:43:23,UTC-07:00,2025-12-19 13:48:00,2025-12-19 14:23:59,35,Walking,6.0,113.0,154,115,66,9,2,0,0,false
2025-12-19 00:59:26,2025-12-20 00:43:23,UTC-07:00,2025-12-19 12:52:30,2025-12-19 13:16:29,23,Walking,8.5,161.0,166,138,24,32,38,5,0,false
2025-12-17 01:01:16,2025-12-17 21:59:39,UTC-06:00,2025-12-17 21:01:30,2025-12-17 21:25:29,23,Activity,6.2,112.0,149,124,73,23,0,0,0,false
2025-12-17 01:01:16,2025-12-17 21:59:39,UTC-06:00,2025-12-17 18:06:00,2025-12-17 18:59:59,53,Dance,12.7,378.0,182,139,28,25,37,9,1,false
2025-12-16 00:15:53,2025-12-17 01:01:16,UTC-06:00,2025-12-16 17:04:41,2025-12-16 17:15:21,10,Walking,4.6,39.0,149,117,86,9,0,0,0,false
2025-12-13 23:40:02,2025-12-15 00:08:19,UTC-06:00,2025-12-14 11:07:30,2025-12-14 12:04:28,56,Dance,13.5,425.0,180,142,16,34,40,9,1,false
2025-12-12 00:44:30,2025-12-12 22:24:15,UTC-06:00,2025-12-12 18:37:22,2025-12-12 18:57:39,20,Dance,8.0,134.0,166,136,25,25,37,8,0,false
2025-12-09 21:45:25,2025-12-11 01:00:45,UTC-06:00,2025-12-10 18:10:30,2025-12-10 18:51:47,41,Dance,12.1,311.0,177,143,16,30,40,14,0,false
2025-12-08 22:55:50,2025-12-09 21:45:25,UTC-06:00,2025-12-09 16:50:00,2025-12-09 17:09:00,19,Dance,4.4,36.0,142,91,31,4,0,0,0,false
2025-12-07 01:27:49,2025-12-08 01:30:04,UTC-06:00,2025-12-07 17:06:00,2025-12-07 17:26:09,20,Dance,8.9,150.0,173,141,21,29,34,15,0,false
2025-12-05 22:35:31,2025-12-07 01:27:49,UTC-06:00,2025-12-06 18:04:30,2025-12-06 18:20:59,16,Dance,4.4,32.0,143,103,26,3,0,0,0,false
2025-12-02 23:45:14,2025-12-04 00:30:36,UTC-06:00,2025-12-03 17:33:07,2025-12-03 17:46:53,13,Dance,7.8,107.0,172,144,14,22,41,21,0,false
2025-11-29 00:48:40,2025-11-30 03:26:23,UTC-06:00,2025-11-29 19:48:00,2025-11-29 20:05:59,17,Dance,4.5,36.0,146,106,34,0,0,0,0,false
2025-11-28 01:15:50,2025-11-29 00:48:40,UTC-06:00,2025-11-28 20:12:00,2025-11-28 20:31:29,19,Walking,4.8,54.0,140,111,59,2,0,0,0,false
2025-11-26 00:16:13,2025-11-27 00:02:16,UTC-06:00,2025-11-26 23:05:00,2025-11-26 23:20:00,15,Dance,5.4,56.0,167,115,6,24,10,3,0,false
2025-11-25 01:35:31,2025-11-26 00:16:13,UTC-06:00,2025-11-25 18:57:00,2025-11-25 19:29:59,32,Activity,6.2,109.0,161,114,36,19,3,0,0,false
2025-11-25 01:35:31,2025-11-26 00:16:13,UTC-06:00,2025-11-25 07:30:00,2025-11-25 08:09:29,39,Running,12.4,268.0,185,138,49,9,6,22,11,false
2025-11-24 01:19:33,2025-11-25 01:35:31,UTC-06:00,2025-11-24 08:34:30,2025-11-24 08:53:59,19,Yoga,5.1,43.0,146,106,37,4,0,0,0,false
2025-11-17 23:29:12,2025-11-19 00:30:12,UTC-06:00,2025-11-18 12:01:30,2025-11-18 12:23:59,22,Walking,5.2,70.0,154,112,52,8,2,0,0,false
2025-11-16 00:35:48,2025-11-17 01:00:15,UTC-06:00,2025-11-16 09:03:00,2025-11-16 09:40:00,37,Yoga,8.0,42.0,139,91,9,0,0,0,0,false
2025-11-15 00:55:46,2025-11-16 00:35:48,UTC-06:00,2025-11-15 10:57:00,2025-11-15 11:31:29,34,Activity,5.0,70.0,138,106,40,0,0,0,0,false
2025-11-12 00:00:10,2025-11-13 00:40:53,UTC-06:00,2025-11-12 16:52:00,2025-11-12 17:13:00,21,Walking,4.5,36.0,143,100,25,1,0,0,0,false
2025-11-11 00:55:12,2025-11-12 00:00:10,UTC-06:00,2025-11-11 13:00:00,2025-11-11 13:14:00,14,Other,4.1,17.0,143,82,13,2,0,0,0,false
2025-11-11 00:55:12,2025-11-12 00:00:10,UTC-06:00,2025-11-11 09:24:00,2025-11-11 09:39:45,15,Activity,5.4,69.0,178,123,77,9,1,1,3,false
2025-11-09 23:36:20,2025-11-11 00:55:12,UTC-06:00,2025-11-10 18:18:00,2025-11-10 18:47:00,29,Dance,8.2,166.0,167,130,29,38,17,2,0,false
2025-11-08 02:51:30,2025-11-09 00:38:20,UTC-06:00,2025-11-08 19:28:00,2025-11-08 19:45:00,17,Dance,5.2,57.0,156,106,13,28,3,0,0,false
2025-11-08 02:51:30,2025-11-09 00:38:20,UTC-06:00,2025-11-08 08:45:00,2025-11-08 09:10:00,25,Yoga,6.5,59.0,148,108,46,3,0,0,0,false
2025-11-07 01:00:26,2025-11-08 02:51:30,UTC-06:00,2025-11-07 07:25:30,2025-11-07 07:44:59,19,Yoga,5.1,45.0,140,107,47,0,0,0,0,false
2025-10-29 00:44:16,2025-10-30 00:30:16,UTC-05:00,2025-10-29 18:07:30,2025-10-29 19:10:29,62,Dance,14.3,490.0,174,145,15,22,43,20,0,false
2025-10-27 23:22:25,2025-10-29 00:44:16,UTC-05:00,2025-10-28 11:38:00,2025-10-28 11:44:00,6,Dance,4.1,11.0,139,102,29,6,0,0,0,false
2025-10-27 23:22:25,2025-10-29 00:44:16,UTC-05:00,2025-10-28 06:46:30,2025-10-28 07:02:59,16,Yoga,4.6,38.0,145,106,50,3,0,0,0,false
2025-10-22 22:33:02,2025-10-24 00:43:48,UTC-05:00,2025-10-23 21:46:30,2025-10-23 22:09:04,22,Dance,5.4,79.0,159,115,76,3,2,0,0,false
2025-10-21 23:11:18,2025-10-22 22:33:02,UTC-05:00,2025-10-22 18:07:30,2025-10-22 19:05:59,58,Dance,14.3,476.0,173,146,6,33,47,14,0,false
2025-10-17 00:44:03,2025-10-17 23:25:21,UTC-05:00,2025-10-17 17:09:00,2025-10-17 17:43:29,34,Dance,10.6,247.0,173,139,26,39,26,9,0,false
2025-10-14 20:50:33,2025-10-15 23:37:36,UTC-05:00,2025-10-15 18:09:00,2025-10-15 18:49:29,40,Dance,11.5,292.0,179,139,26,36,29,9,0,false
2025-10-14 03:45:27,2025-10-14 20:50:33,UTC-05:00,2025-10-14 16:45:00,2025-10-14 16:57:00,12,Dance,5.4,60.0,158,125,41,33,6,0,0,false
2025-10-11 02:19:00,2025-10-12 01:05:58,UTC-05:00,2025-10-11 09:58:30,2025-10-11 10:34:29,35,Walking,6.7,150.0,144,120,88,6,0,0,0,false
2025-10-10 00:35:22,2025-10-11 02:19:00,UTC-05:00,2025-10-10 18:50:00,2025-10-10 19:15:00,25,Dance,5.1,60.0,157,104,28,5,3,0,0,false
2025-10-08 00:04:58,2025-10-08 22:20:12,UTC-05:00,2025-10-08 18:12:00,2025-10-08 19:01:29,49,Dance,10.7,277.0,167,130,49,19,18,8,0,false
2025-10-07 01:14:23,2025-10-08 00:04:58,UTC-05:00,2025-10-07 08:45:00,2025-10-07 08:58:00,13,Dance,4.9,43.0,156,110,15,27,7,0,0,false
2025-10-05 00:28:14,2025-10-05 23:26:43,UTC-05:00,2025-10-05 09:40:30,2025-10-05 10:37:29,56,Dance,12.2,378.0,165,137,29,31,37,3,0,false
2025-10-05 00:28:14,2025-10-05 23:26:43,UTC-05:00,2025-10-05 08:43:30,2025-10-05 09:07:29,23,Walking,5.3,70.0,150,109,55,11,1,0,0,false
2025-10-04 00:00:25,2025-10-05 00:28:14,UTC-05:00,2025-10-04 19:58:00,2025-10-04 20:07:00,9,Dance,4.0,12.0,125,84,25,0,0,0,0,false
2025-09-29 00:07:38,2025-09-30 01:02:15,UTC-05:00,2025-09-29 04:45:00,2025-09-29 04:54:00,9,Dance,4.3,20.0,148,104,21,15,1,0,0,false
2025-09-26 23:50:21,2025-09-28 02:32:45,UTC-05:00,2025-09-27 16:10:00,2025-09-27 17:15:00,65,Dance,6.0,142.0,141,105,47,0,0,0,0,false
2025-09-26 00:42:43,2025-09-26 23:50:21,UTC-05:00,2025-09-26 18:10:30,2025-09-26 19:04:29,53,Dance,10.5,313.0,159,130,53,36,11,0,0,false
2025-09-25 01:16:36,2025-09-26 00:42:43,UTC-05:00,2025-09-25 07:17:20,2025-09-25 07:35:31,18,Other,0.0,17.0,93,65,0,0,0,0,0,false
2025-09-19 01:05:05,2025-09-20 02:02:52,UTC-05:00,2025-09-19 19:30:52,2025-09-19 19:41:19,10,Dance,4.7,38.0,145,114,65,4,0,0,0,false
2025-09-18 00:26:18,2025-09-19 01:05:05,UTC-05:00,2025-09-18 20:18:00,2025-09-18 22:35:59,137,Walking,13.3,652.0,166,121,76,13,3,0,0,false
2025-09-18 00:26:18,2025-09-19 01:05:05,UTC-05:00,2025-09-18 17:16:30,2025-09-18 17:51:12,34,Dance,8.3,197.0,156,128,67,28,5,0,0,false
2025-09-12 01:00:08,2025-09-13 02:16:51,UTC-05:00,2025-09-12 11:51:00,2025-09-12 12:05:12,14,Activity,5.2,59.0,153,119,61,19,2,0,0,false
2025-09-10 00:32:01,2025-09-11 00:43:24,UTC-05:00,2025-09-10 18:10:25,2025-09-10 18:45:38,35,Walking,5.9,111.0,154,114,59,6,1,0,0,false
2025-09-10 00:32:01,2025-09-11 00:43:24,UTC-05:00,2025-09-10 10:22:30,2025-09-10 10:38:59,16,Yoga,4.9,49.0,149,113,63,7,0,0,0,false
2025-09-04 23:49:28,2025-09-06 01:59:43,UTC-05:00,2025-09-05 13:55:30,2025-09-05 14:35:59,40,Walking,6.6,151.0,148,118,83,6,0,0,0,false
2025-09-01 00:51:32,2025-09-02 00:31:55,UTC-05:00,2025-09-01 18:55:30,2025-09-01 19:22:29,26,Activity,5.2,72.0,137,110,62,0,0,0,0,false
2025-09-01 00:51:32,2025-09-02 00:31:55,UTC-05:00,2025-09-01 13:26:00,2025-09-01 13:52:00,26,Other,5.8,94.0,149,116,69,10,1,0,0,false
2025-09-01 00:51:32,2025-09-02 00:31:55,UTC-05:00,2025-09-01 13:20:35,2025-09-01 13:24:23,3,Rowing,4.4,18.0,155,124,21,35,21,0,0,false
2025-09-01 00:51:32,2025-09-02 00:31:55,UTC-05:00,2025-09-01 13:09:39,2025-09-01 13:20:10,10,Running,5.4,59.0,164,129,63,20,14,3,0,false
2025-08-31 00:56:21,2025-09-01 00:51:32,UTC-05:00,2025-08-31 10:10:05,2025-08-31 10:35:20,25,Yoga,6.4,48.0,152,100,28,4,0,0,0,false
2025-08-30 01:20:56,2025-08-31 00:56:21,UTC-05:00,2025-08-30 09:03:08,2025-08-30 09:31:28,28,Yoga,7.1,58.0,145,103,40,1,0,0,0,false
2025-08-29 00:39:24,2025-08-30 01:20:56,UTC-05:00,2025-08-29 19:16:05,2025-08-29 19:21:45,5,Running,4.3,22.0,162,122,74,13,7,1,0,false
2025-08-29 00:39:24,2025-08-30 01:20:56,UTC-05:00,2025-08-29 19:08:41,2025-08-29 19:11:27,2,Running,4.6,21.0,166,144,10,39,34,17,0,false
2025-08-28 01:05:06,2025-08-29 00:39:24,UTC-05:00,2025-08-28 07:01:58,2025-08-28 07:43:42,41,Running,8.0,198.0,163,121,72,17,6,0,0,false
